ID,dataset,shuffle,init_cls,increment,model_name,convnet_type,device,seed,batch_size,tuned_epoch,body_lr,head_lr,weight_decay,min_lr,use_RP,M,use_input_norm,label_percent,confidence_threshold,teen,teen_weight,teen_softmax_t,load_model,TSNE,keep_peft,peft_r,peft_alpha,lora_merge_ratio
0,imageneta,True,200,200,joint_linear,pretrained_vit_b16_224,0,1993,128,30,0.0,0.01,0.0005,0.0,False,-1,False
1,imageneta,True,200,200,joint_full,pretrained_vit_b16_224,0,1993,128,30,0.0001,0.01,0.0005,0.0,False,-1,False
2,imageneta,True,20,20,ncm,pretrained_vit_b16_224,0,1993,128,0,0.0,0.0,0.0005,0.0,False,-1,False
3,imageneta,True,20,20,ncm,pretrained_vit_b16_224,0,1993,128,0,0.0,0.0,0.0005,0.0,True,0,False
4,imageneta,True,20,20,ncm,pretrained_vit_b16_224,0,1993,128,0,0.0,0.0,0.0005,0.0,True,10000,False
5,imageneta,True,20,20,ssf,pretrained_vit_b16_224_ssf,0,1993,48,20,0.01,0.01,0.0005,0.0,False,-1,False
6,imageneta,True,20,20,ssf,pretrained_vit_b16_224_ssf,0,1993,48,20,0.01,0.01,0.0005,0.0,True,0,False
7,imageneta,True,20,20,ssf,pretrained_vit_b16_224_ssf,0,1993,48,20,0.01,0.01,0.0005,0.0,True,10000,False
8,imageneta,True,20,20,ncm,pretrained_resnet50,0,1993,128,0,0.0,0.0,0.0005,0.0,False,-1,True
9,imageneta,True,20,20,ncm,pretrained_resnet50,0,1993,128,0,0.0,0.0,0.0005,0.0,True,0,True
10,imageneta,True,20,20,ncm,pretrained_resnet50,0,1993,128,0,0.0,0.0,0.0005,0.0,True,10000,True
11,imageneta,True,20,20,ncm,pretrained_resnet152,0,1993,128,0,0.0,0.0,0.0005,0.0,False,-1,True
12,imageneta,True,20,20,ncm,pretrained_resnet152,0,1993,128,0,0.0,0.0,0.0005,0.0,True,0,True
13,imageneta,True,20,20,ncm,pretrained_resnet152,0,1993,128,0,0.0,0.0,0.0005,0.0,True,10000,True
14,imageneta,True,20,20,ncm,vit_base_patch32_224_clip_laion2b,0,1993,128,0,0.0,0.0,0.0005,0.0,False,-1,True
15,imageneta,True,20,20,ncm,vit_base_patch32_224_clip_laion2b,0,1993,128,0,0.0,0.0,0.0005,0.0,True,0,True
16,imageneta,True,20,20,ncm,vit_base_patch32_224_clip_laion2b,0,1993,128,0,0.0,0.0,0.0005,0.0,True,10000,True


21,imageneta,True,20,20,lora,pretrained_vit_b16_224_in21k_peft,0,1993,48,20,0.01,0.01,0.0005,0.0,True,10000,False,0.25,0.8,False,0.1,16,False,False,True,8,16
22,imageneta,True,20,20,lora,pretrained_vit_b16_224_in21k_peft,0,1993,48,20,0.01,0.01,0.0005,0.0,True,10000,False,0.25,0.6,False,0.1,16,False,False,True,8,16
23,imageneta,True,20,20,lora,pretrained_vit_b16_224_in21k_peft,0,1993,48,20,0.01,0.01,0.0005,0.0,True,10000,False,0.25,0.9,False,0.1,16,False,False,True,8,16


40,imageneta,True,20,20,lora,pretrained_vit_b16_224_in21k_peft,0,1993,48,20,0.01,0.01,0.0005,0.0,True,10000,False,0.1,0.8,False,0.1,16,False,False,True,8,16
41,imageneta,True,20,20,lora,pretrained_vit_b16_224_in21k_peft,0,1993,48,20,0.01,0.01,0.0005,0.0,True,10000,False,0.05,0.8,False,0.1,16,False,False,True,8,16
42,imageneta,True,20,20,lora,pretrained_vit_b16_224_in21k_peft,0,1993,48,20,0.01,0.01,0.0005,0.0,True,10000,False,0.05,0.9,False,0.1,16,False,False,True,8,16

51,imageneta,True,20,20,lora,pretrained_vit_b16_224_in21k_peft,0,1993,48,20,0.01,0.01,0.0005,0.0,True,10000,False,0.1,0.7,False,0.1,16,False,False,True,8,16
52,imageneta,True,20,20,lora,pretrained_vit_b16_224_in21k_peft,0,1993,48,20,0.01,0.01,0.0005,0.0,True,10000,False,0.1,0.75,False,0.1,16,False,False,True,8,16
53,imageneta,True,20,20,lora,pretrained_vit_b16_224_in21k_peft,0,1993,48,20,0.01,0.01,0.0005,0.0,True,10000,False,0.1,0.8,False,0.1,16,False,False,True,8,16
54,imageneta,True,20,20,lora,pretrained_vit_b16_224_in21k_peft,0,1993,48,20,0.01,0.01,0.0005,0.0,True,10000,False,0.1,0.85,False,0.1,16,False,False,True,8,16
55,imageneta,True,20,20,lora,pretrained_vit_b16_224_in21k_peft,0,1993,48,20,0.01,0.01,0.0005,0.0,True,10000,False,0.1,0.9,False,0.1,16,False,False,True,8,16
56,imageneta,True,20,20,lora,pretrained_vit_b16_224_in21k_peft,0,1993,48,20,0.01,0.01,0.0005,0.0,True,10000,False,0.1,0.95,False,0.1,16,False,False,True,8,16


61,imageneta,True,20,20,lora,pretrained_vit_b16_224_in21k_peft,0,1993,48,20,0.01,0.01,0.0005,0.0,True,10000,False,0.25,0.8,False,0.1,16,False,False,True,8,16,0.1
62,imageneta,True,20,20,lora,pretrained_vit_b16_224_in21k_peft,0,1993,48,20,0.01,0.01,0.0005,0.0,True,10000,False,0.25,0.8,False,0.1,16,False,False,True,8,16,0.3
63,imageneta,True,20,20,lora,pretrained_vit_b16_224_in21k_peft,0,1993,48,20,0.01,0.01,0.0005,0.0,True,10000,False,0.25,0.8,False,0.1,16,False,False,True,8,16,0.7
64,imageneta,True,20,20,lora,pretrained_vit_b16_224_in21k_peft,0,1993,48,20,0.01,0.01,0.0005,0.0,True,10000,False,0.25,0.8,False,0.1,16,False,False,True,8,16,0.9



107,imageneta,True,20,20,adapter,pretrained_vit_b16_224_in21k_adapter,0,1993,48,20,0.01,0.01,0.0005,0.0,True,10000,False,0.25,0.85,False,0.1,16,False,False,True,8,16
108,imageneta,True,20,20,adapter,pretrained_vit_b16_224_in21k_adapter,0,1993,48,20,0.01,0.01,0.0005,0.0,True,10000,False,0.25,0.75,False,0.1,16,False,False,True,8,16
109,imageneta,True,20,20,adapter,pretrained_vit_b16_224_in21k_adapter,0,1993,48,20,0.01,0.01,0.0005,0.0,True,10000,False,0.25,0.6,False,0.1,16,False,False,True,8,16
110,imageneta,True,20,20,adapter,pretrained_vit_b16_224_in21k_adapter,0,1993,48,20,0.01,0.01,0.0005,0.0,True,10000,False,0.05,0.6,False,0.1,16,False,False,True,8,16


120,imageneta,True,20,20,adapter,pretrained_vit_b16_224_in21k_adapter,0,1993,48,20,0.01,0.01,0.0005,0.0,True,10000,False,0.1,0.6,False,0.1,16,False,False,True,8,16
